﻿<?xml version="1.0" encoding="utf-8"?>
<!-- 
Manifest template to demonstrate the proper XML namespace declarations for
SCORM 2004 4th Edition manifests that do not use metadata. 

Provided by Rustici Software - www.scorm.com.
-->
<manifest identifier="Online-Course-Only" version="1" xmlns="http://www.imsglobal.org/xsd/imscp_v1p1" xmlns:adlcp="http://www.adlnet.org/xsd/adlcp_v1p3" xmlns:adlseq="http://www.adlnet.org/xsd/adlseq_v1p3" xmlns:adlnav="http://www.adlnet.org/xsd/adlnav_v1p3" xmlns:imsss="http://www.imsglobal.org/xsd/imsss" xmlns:xsi="http://www.w3.org/2001/XMLSchema-instance" xsi:schemaLocation="http://www.imsglobal.org/xsd/imscp_v1p1 imscp_v1p1.xsd                                        http://www.adlnet.org/xsd/adlcp_v1p3 adlcp_v1p3.xsd                                        http://www.adlnet.org/xsd/adlseq_v1p3 adlseq_v1p3.xsd                                        http://www.adlnet.org/xsd/adlnav_v1p3 adlnav_v1p3.xsd                                        http://www.imsglobal.org/xsd/imsss imsss_v1p0.xsd">
    <metadata>
        <schema>ADL SCORM</schema>
        <schemaversion>2004 4th Edition</schemaversion>
        <adlcp:location>metadata.xml</adlcp:location>
    </metadata>
    <organizations default="B0">
        <organization identifier="B0" adlseq:objectivesGlobalToSystem="false">
            <title>Course Name</title>
            <item identifier="i1" identifierref="r1" isvisible="true">
                <title>Course Name</title>
                <imsss:sequencing>
                    <imsss:deliveryControls completionSetByContent="true" objectiveSetByContent="true" />
                </imsss:sequencing>
            </item>
            <imsss:sequencing>
                <imsss:controlMode choice="true" flow="true" />
            </imsss:sequencing>
        </organization>
    </organizations>
    <resources>
        <resource identifier="r1" type="webcontent" adlcp:scormType="sco" href="Default.htm">
            <file href="Default.htm" />
            <file href="Content/Resources/Images/Infinite Blue Platform Training/Basic Business Logic and Dashboards_25.png" />
            <file href="Content/Resources/Images/Infinite Blue Platform Training/Advanced Business Logic_5.jpg" />
            <file href="Content/Resources/Images/Infinite Blue Platform Training/User Experience Design_2.png" />
            <file href="Content/Resources/Images/Infinite Blue Platform Training/Basic Business Logic and Dashboards_26.png" />
            <file href="Content/Resources/Images/Infinite Blue Platform Training/Security access control_8.png" />
            <file href="Content/Resources/Images/Infinite Blue Platform Training/User Experience Design.jpg" />
            <file href="Content/Resources/Images/Infinite Blue Platform Training/Security access control_7.png" />
            <file href="Content/Resources/Images/Infinite Blue Platform Training/Application settings_2.png" />
            <file href="Content/Resources/Images/Infinite Blue Platform Training/More in Infinite Blue_12.jpg" />
            <file href="Content/Resources/Images/Infinite Blue Platform Training/User Experience Design_17.jpg" />
            <file href="Content/Resources/Images/Infinite Blue Platform Training/More in Infinite Blue_8.jpg" />
            <file href="Content/Resources/Images/Infinite Blue Platform Training/User Experience Design_12.jpg" />
            <file href="Content/Resources/Images/Infinite Blue Platform Training/Basic Business Logic and Dashboards_5.jpg" />
            <file href="Content/Resources/Images/Infinite Blue Platform Training/Application settings_1.jpg" />
            <file href="Content/Resources/Images/Infinite Blue Platform Training/Build object model for a sample_4.png" />
            <file href="Content/Resources/Images/Infinite Blue Platform Training/User Experience Design_7.jpg" />
            <file href="Content/Resources/Images/Infinite Blue Platform Training/Basic Business Logic and Dashboards.png" />
            <file href="Content/Resources/Images/Infinite Blue Platform Training/Application settings_5.png" />
            <file href="Content/Resources/Images/Infinite Blue Platform Training/Basic Business Logic and Dashboards_26.jpg" />
            <file href="Content/Resources/Images/ib-topic-hero-2.jpg" />
            <file href="Content/Resources/Images/Infinite Blue Platform Training/Build object model for a sample_3.jpg" />
            <file href="Content/Resources/Images/Infinite Blue Platform Training/Build object model for a sample_7.png" />
            <file href="Content/Resources/Images/Infinite Blue Platform Training/User Experience Design_1.jpg" />
            <file href="Content/Resources/Images/Infinite Blue Platform Training/More in Infinite Blue_1.png" />
            <file href="Content/Resources/Images/Infinite Blue Platform Training/Build object model for a sample_13.png" />
            <file href="Content/Resources/Images/Infinite Blue Platform Training/User Experience Design_19.jpg" />
            <file href="Content/Resources/Images/Infinite Blue Platform Training/Basic Business Logic and Dashboards_15.png" />
            <file href="Content/Resources/Images/Infinite Blue Platform Training/User Experience Design_6.jpg" />
            <file href="Skins/Default/Stylesheets/Slideshow.css" />
            <file href="Content/Resources/Images/Infinite Blue Platform Training/Basic Business Logic and Dashboards_1.png" />
            <file href="Content/Resources/Images/Infinite Blue Platform Training/Build object model for a sample_16.png" />
            <file href="Content/Resources/Images/Infinite Blue Platform Training/User Experience Design_5.png" />
            <file href="Content/Resources/Images/Infinite Blue Platform Training/Basic Business Logic and Dashboards_10.jpg" />
            <file href="Content/Resources/Images/Infinite Blue Platform Training/Build object model for a sample_1.png" />
            <file href="Content/Resources/Images/Infinite Blue Platform Training/More in Infinite Blue_11.jpg" />
            <file href="Content/Resources/Images/Infinite Blue Platform Training/User Experience Design_11.jpg" />
            <file href="Content/Resources/Images/Infinite Blue Platform Training/User Experience Design_14.jpg" />
            <file href="Skins/Default/Stylesheets/Components/Print.css" />
            <file href="Content/Resources/Images/Infinite Blue Platform Training/Data Validation using Standard.jpg" />
            <file href="Content/Resources/Stylesheets/Styles.css" />
            <file href="Content/Resources/Images/Infinite Blue Platform Training/Basic Business Logic and Dashboards_16.jpg" />
            <file href="Content/Resources/Images/Infinite Blue Platform Training/Application settings_4.png" />
            <file href="Content/Resources/Images/Infinite Blue Platform Training/Basic Business Logic and Dashboards_28.png" />
            <file href="Content/Course-Content/2-Build object model for a sample.htm" />
            <file href="Content/Resources/Images/Infinite Blue Platform Training/Basic Business Logic and Dashboards_11.jpg" />
            <file href="Content/Resources/Images/Infinite Blue Platform Training/Basic Business Logic and Dashboards_23.png" />
            <file href="Content/Resources/Images/Infinite Blue Platform Training/Basic Business Logic and Dashboards_14.png" />
            <file href="Content/Resources/Images/Infinite Blue Platform Training/Advanced Business Logic_3.jpg" />
            <file href="Content/Resources/Images/Infinite Blue Platform Training/Advanced Business Logic_6.jpg" />
            <file href="Content/Resources/Images/Infinite Blue Platform Training/Security access control_1.png" />
            <file href="Content/Resources/Images/Infinite Blue Platform Training/Build object model for a sample_10.png" />
            <file href="Content/Resources/Images/Infinite Blue Platform Training/Build object model for a sample_17.png" />
            <file href="Content/Resources/Images/Infinite Blue Platform Training/Basic Business Logic and Dashboards_1.jpg" />
            <file href="Content/Resources/Images/Infinite Blue Platform Training/Basic Business Logic and Dashboards_4.jpg" />
            <file href="Content/Resources/Images/Infinite Blue Platform Training/Basic Business Logic and Dashboards_8.jpg" />
            <file href="Content/Resources/Images/Infinite Blue Platform Training/Basic Business Logic and Dashboards_27.jpg" />
            <file href="Content/Resources/Images/Infinite Blue Platform Training/Build object model for a sample_9.png" />
            <file href="Content/Resources/Images/Infinite Blue Platform Training/Basic Business Logic and Dashboards_20.png" />
            <file href="Content/Resources/Images/Plus.png" />
            <file href="Content/Resources/Images/Infinite Blue Platform Training/Basic Business Logic and Dashboards_27.png" />
            <file href="Content/Resources/Images/Infinite Blue Platform Training/Security access control_9.png" />
            <file href="Content/Resources/Images/Infinite Blue Platform Training/Application settings.png" />
            <file href="Content/Resources/Images/Infinite Blue Platform Training/Basic Business Logic and Dashboards_8.png" />
            <file href="Content/Resources/Images/Infinite Blue Platform Training/Basic Business Logic and Dashboards.jpg" />
            <file href="Content/Resources/Images/Infinite Blue Platform Training/Advanced Business Logic_7.jpg" />
            <file href="Content/Resources/Images/Infinite Blue Platform Training/Advanced Business Logic_2.jpg" />
            <file href="Content/Resources/Images/Infinite Blue Platform Training/Basic Business Logic and Dashboards_29.jpg" />
            <file href="Content/Resources/Images/Infinite Blue Platform Training/Basic Business Logic and Dashboards_9.jpg" />
            <file href="Content/Course-Content/5-Basic Business Logic and Dashboards.htm" />
            <file href="Content/Resources/Images/Infinite Blue Platform Training/Basic Business Logic and Dashboards_13.png" />
            <file href="Content/Resources/Images/Infinite Blue Platform Training/Build object model for a sample_6.png" />
            <file href="Content/Resources/Images/Infinite Blue Platform Training/Application settings_7.png" />
            <file href="Content/Resources/Images/Infinite Blue Platform Training/User Experience Design_15.jpg" />
            <file href="Content/Resources/Images/Infinite Blue Platform Training/Basic Business Logic and Dashboards_7.jpg" />
            <file href="Content/Resources/Images/Infinite Blue Platform Training/Basic Business Logic and Dashboards_2.jpg" />
            <file href="Content/Resources/Images/Infinite Blue Platform Training/User Experience Design_5.jpg" />
            <file href="Content/Resources/Images/Infinite Blue Platform Training/Basic Business Logic and Dashboards_28.jpg" />
            <file href="Content/Resources/Images/Infinite Blue Platform Training/Basic Business Logic and Dashboards_24.jpg" />
            <file href="Content/Resources/Images/Infinite Blue Platform Training/Basic Business Logic and Dashboards_17.jpg" />
            <file href="Content/Resources/Images/Infinite Blue Platform Training/Build object model for a sample_1.jpg" />
            <file href="Content/Resources/Images/Infinite Blue Platform Training/Build object model for a sample_18.png" />
            <file href="Content/Resources/Images/Infinite Blue Platform Training/Build object model for a sample.png" />
            <file href="Content/Resources/Images/Infinite Blue Platform Training/Basic Business Logic and Dashboards_10.png" />
            <file href="Content/Resources/Images/Infinite Blue Platform Training/Basic Business Logic and Dashboards_23.jpg" />
            <file href="Content/Resources/Images/Infinite Blue Platform Training/User Experience Design_4.png" />
            <file href="Content/Resources/Images/White_EVBG-InfiniteBlue_Horizontal_Logo-50px.png" />
            <file href="Content/Resources/Images/Infinite Blue Platform Training/Basic Business Logic and Dashboards_9.png" />
            <file href="Content/Resources/Images/Infinite Blue Platform Training/User Experience Design_4.jpg" />
            <file href="Content/Resources/Images/Infinite Blue Platform Training/User Experience Design_8.jpg" />
            <file href="Content/Resources/Images/Backmatter-Heading-Background.png" />
            <file href="Content/Resources/Images/Infinite Blue Platform Training/Build object model for a sample_3.png" />
            <file href="Content/Resources/Images/Infinite Blue Platform Training/Basic Business Logic and Dashboards_18.png" />
            <file href="Content/Resources/Images/Infinite Blue Platform Training/overview.png" />
            <file href="Content/Course-Content/3-Views.htm" />
            <file href="Content/Resources/Images/Infinite Blue Platform Training/Basic Business Logic and Dashboards_29.png" />
            <file href="Content/Resources/Images/Infinite Blue Platform Training/Basic Business Logic and Dashboards_12.png" />
            <file href="Content/Resources/Images/Infinite Blue Platform Training/Data Validation using Standard_1.jpg" />
            <file href="Content/Resources/Images/Infinite Blue Platform Training/Basic Business Logic and Dashboards_6.png" />
            <file href="Content/Resources/Images/Infinite Blue Platform Training/Application settings_6.png" />
            <file href="Skins/Default/Stylesheets/Components/Mobile.css" />
            <file href="Content/Resources/Images/Infinite Blue Platform Training/Security access control_4.png" />
            <file href="Content/Resources/Images/Infinite Blue Platform Training/More in Infinite Blue_3.jpg" />
            <file href="Content/Resources/Images/Infinite Blue Platform Training/More in Infinite Blue_6.jpg" />
            <file href="Content/Resources/Images/Infinite Blue Platform Training/More in Infinite Blue_2.png" />
            <file href="Content/Resources/Images/Infinite Blue Platform Training/Build object model for a sample_19.png" />
            <file href="Content/Resources/Images/Infinite Blue Platform Training/Build object model for a sample.jpg" />
            <file href="Skins/Default/Stylesheets/TextEffects.css" />
            <file href="Content/Resources/Images/Infinite Blue Platform Training/Basic Business Logic and Dashboards_13.jpg" />
            <file href="Content/Resources/Images/Infinite Blue Platform Training/More in Infinite Blue.jpg" />
            <file href="Content/Resources/Images/Infinite Blue Platform Training/Build object model for a sample_8.png" />
            <file href="Content/Resources/Images/Infinite Blue Platform Training/Security access control_3.png" />
            <file href="Content/Resources/Images/Infinite Blue Platform Training/Advanced Business Logic_3.png" />
            <file href="Content/Resources/Images/Infinite Blue Platform Training/More in Infinite Blue_7.jpg" />
            <file href="Content/Resources/Images/Infinite Blue Platform Training/Basic Business Logic and Dashboards_34.jpg" />
            <file href="Content/Resources/Images/Infinite Blue Platform Training/More in Infinite Blue_2.jpg" />
            <file href="Content/Resources/Images/Infinite Blue Platform Training/Basic Business Logic and Dashboards_3.jpg" />
            <file href="Content/Resources/Images/Infinite Blue Platform Training/Basic Business Logic and Dashboards_6.jpg" />
            <file href="Content/Resources/Images/Infinite Blue Platform Training/Basic Business Logic and Dashboards_25.jpg" />
            <file href="Content/Resources/Images/Infinite Blue Platform Training/Basic Business Logic and Dashboards_19.png" />
            <file href="Content/Resources/Images/Infinite Blue Platform Training/Security access control.png" />
            <file href="Content/Resources/Images/Infinite Blue Platform Training/Advanced Business Logic.png" />
            <file href="Content/Resources/Images/Infinite Blue Platform Training/Basic Business Logic and Dashboards_33.jpg" />
            <file href="Content/Course-Content/6-User Experience Design.htm" />
            <file href="Content/Resources/Images/Infinite Blue Platform Training/Basic Business Logic and Dashboards_7.png" />
            <file href="Content/Resources/Images/Infinite Blue Platform Training/Basic Business Logic and Dashboards_22.jpg" />
            <file href="Content/Resources/Branding/Branding.css" />
            <file href="Content/Resources/Images/Infinite Blue Platform Training/Application settings_9.png" />
            <file href="Content/Course-Content/2-Exercise.htm" />
            <file href="Content/Resources/Images/Infinite Blue Platform Training/User Experience Design_9.jpg" />
            <file href="Content/Resources/Images/Infinite Blue Platform Training/Security access control.jpg" />
            <file href="Content/Resources/Images/Infinite Blue Platform Training/Basic Business Logic and Dashboards_11.png" />
            <file href="Content/Resources/Images/Infinite Blue Platform Training/Build object model for a sample_4.jpg" />
            <file href="Content/Resources/Images/Infinite Blue Platform Training/Basic Business Logic and Dashboards_20.jpg" />
            <file href="Content/Resources/Images/Infinite Blue Platform Training/Build object model for a sample_23.png" />
            <file href="Skins/Default/Stylesheets/Components/Tablet.css" />
            <file href="Content/Course-Content/8-Advanced Business Logic.htm" />
            <file href="Content/Resources/Images/Infinite Blue Platform Training/Security access control_2.png" />
            <file href="Content/Resources/Images/Infinite Blue Platform Training/Security access control_1.jpg" />
            <file href="Content/Resources/Images/Infinite Blue Platform Training/Advanced Business Logic_2.png" />
            <file href="Content/Resources/Images/Infinite Blue Platform Training/User Experience Design_6.png" />
            <file href="Content/Course-Content/10-More in Infinite Blue.htm" />
            <file href="Content/Resources/Images/Infinite Blue Platform Training/Build object model for a sample_2.png" />
            <file href="Content/Resources/Images/Infinite Blue Platform Training/Basic Business Logic and Dashboards_21.jpg" />
            <file href="Content/Resources/Images/Infinite Blue Platform Training/Basic Business Logic and Dashboards_12.jpg" />
            <file href="Content/Resources/Images/Infinite Blue Platform Training/Views.png" />
            <file href="Content/Resources/Images/Infinite Blue Platform Training/Application settings_8.png" />
            <file href="Content/Resources/Images/Infinite Blue Platform Training/Basic Business Logic and Dashboards_2.png" />
            <file href="Content/Resources/Images/Infinite Blue Platform Training/User Experience Design_2.jpg" />
            <file href="Content/Resources/Images/Infinite Blue Platform Training/Application settings.jpg" />
            <file href="Content/Resources/Images/Infinite Blue Platform Training/User Experience Design_10.jpg" />
            <file href="Content/Resources/Images/Infinite Blue Platform Training/Security access control_5.png" />
            <file href="Content/Resources/Images/Infinite Blue Platform Training/Basic Business Logic and Dashboards_35.jpg" />
            <file href="Content/Resources/Images/Infinite Blue Platform Training/Basic Business Logic and Dashboards_4.png" />
            <file href="Skins/Default/Stylesheets/Components/Styles.css" />
            <file href="Content/Resources/Images/Minus.png" />
            <file href="Skins/Default/Stylesheets/Topic.css" />
            <file href="Content/Resources/Images/Infinite Blue Platform Training/Application settings_3.png" />
            <file href="Content/Resources/Images/Infinite Blue Platform Training/Basic Business Logic and Dashboards_32.jpg" />
            <file href="Content/Resources/Images/Infinite Blue Platform Training/User Experience Design_3.jpg" />
            <file href="Content/Resources/Images/Infinite Blue Platform Training/More in Infinite Blue_1.jpg" />
            <file href="Content/Resources/Images/Infinite Blue Platform Training/Build object model for a sample_5.png" />
            <file href="Content/Resources/Images/Infinite Blue Platform Training/More in Infinite Blue_4.jpg" />
            <file href="Content/Resources/Images/Infinite Blue Platform Training/Build object model for a sample_11.png" />
            <file href="Content/Resources/Images/Infinite Blue Platform Training/Advanced Business Logic.jpg" />
            <file href="Content/Resources/Images/Infinite Blue Platform Training/Advanced Business Logic_1.png" />
            <file href="Content/Resources/Images/Infinite Blue Platform Training/Basic Business Logic and Dashboards_17.png" />
            <file href="Content/Resources/Images/Infinite Blue Platform Training/Basic Business Logic and Dashboards_30.jpg" />
            <file href="Content/Resources/Images/Infinite Blue Platform Training/Basic Business Logic and Dashboards_19.jpg" />
            <file href="Content/Resources/Images/Infinite Blue Platform Training/User Experience Design.png" />
            <file href="Content/Resources/Images/Infinite Blue Platform Training/More in Infinite Blue_10.jpg" />
            <file href="Content/Resources/Images/Infinite Blue Platform Training/Basic Business Logic and Dashboards_3.png" />
            <file href="Content/Resources/Images/Infinite Blue Platform Training/Build object model for a sample_14.png" />
            <file href="Content/Resources/Images/Infinite Blue Platform Training/More in Infinite Blue_5.jpg" />
            <file href="Content/Resources/Images/Infinite Blue Platform Training/More in Infinite Blue_13.jpg" />
            <file href="Content/Resources/Images/Infinite Blue Platform Training/More in Infinite Blue_9.jpg" />
            <file href="Content/Resources/Images/Infinite Blue Platform Training/User Experience Design_13.jpg" />
            <file href="Content/Resources/Images/Infinite Blue Platform Training/User Experience Design_16.jpg" />
            <file href="Content/Course-Content/1-Course-Title.htm" />
            <file href="Content/Resources/Images/Infinite Blue Platform Training/Basic Business Logic and Dashboards_18.jpg" />
            <file href="Content/Resources/Images/Infinite Blue Platform Training/Basic Business Logic and Dashboards_14.jpg" />
            <file href="Content/Resources/Images/Infinite Blue Platform Training/More in Infinite Blue.png" />
            <file href="Content/Resources/Images/Infinite Blue Platform Training/Basic Business Logic and Dashboards_5.png" />
            <file href="Content/Resources/Images/Infinite Blue Platform Training/Build object model for a sample_2.jpg" />
            <file href="Content/Resources/Images/Infinite Blue Platform Training/Basic Business Logic and Dashboards_31.jpg" />
            <file href="Content/Resources/Images/Infinite Blue Platform Training/User Experience Design_18.jpg" />
            <file href="Content/Resources/Images/Infinite Blue Platform Training/User Experience Design_9.png" />
            <file href="Content/Resources/Images/Infinite Blue Platform Training/Build object model for a sample_21.png" />
            <file href="Content/Resources/Images/Infinite Blue Platform Training/Basic Business Logic and Dashboards_21.png" />
            <file href="Content/Course-Content/4-Application settings.htm" />
            <file href="Content/Resources/Images/Infinite Blue Platform Training/Advanced Business Logic_1.jpg" />
            <file href="Content/Resources/Images/Infinite Blue Platform Training/Advanced Business Logic_4.jpg" />
            <file href="Content/Resources/Images/Infinite Blue Platform Training/Build object model for a sample_20.png" />
            <file href="Content/Resources/Images/Infinite Blue Platform Training/Views.jpg" />
            <file href="Content/Resources/Images/Infinite Blue Platform Training/Basic Business Logic and Dashboards_22.png" />
            <file href="Content/Resources/Images/start.png" />
            <file href="Content/Course-Content/7-Security &amp; Access control.htm" />
            <file href="Content/Course-Content/9-Data Validation using Standard.htm" />
            <file href="Content/Resources/Images/Infinite Blue Platform Training/Build object model for a sample_15.png" />
            <file href="Content/Resources/Images/Infinite Blue Platform Training/Build object model for a sample_12.png" />
            <file href="Resources/Scripts/jquery.min.js" />
            <file href="Resources/Scripts/purify.min.js" />
            <file href="Resources/Scripts/require.min.js" />
            <file href="Resources/Scripts/require.config.js" />
            <file href="Resources/Scripts/foundation.min.js" />
            <file href="Resources/Scripts/plugins.min.js" />
            <file href="Resources/Scripts/MadCapAll.js" />
            <file href="Resources/Scripts/lmsapiwrapper.js" />
        </resource>
    </resources>
</manifest>